Path,Label
data/0/9c3249a88453410a99db9d47bc41dc00.jpg,0
data/0/78d6a2943af342aa8e1834586b33cae1.jpg,0
data/0/1cfee546f2564914a5b4dcd6a0f495be.jpg,0
data/0/d8eeeb9889e740cc8b955e0f63533c34.jpg,0
data/0/2cbe26e390d04a22a154902e47cbfc2d.jpg,0
data/0/dec32d6f87384774b193a2d3623c42cf.jpg,0
data/0/ea21584a5fbf4b0bb1d7be544b7d8848.jpg,0
data/0/be386c4c0bbf4f05923355a78e31acf6.png,0
data/0/be99cb81c7464893a4c88a35be20d1fd.jpg,0
data/0/3d871b8f82f04dfe8cdd908d72e0cc61.jpg,0
data/0/7dcfa867c7ec499a999078d2cb5e1eb9.jpg,0
data/0/6e2cc7c2a50c4d0092762097362db723.jpg,0
data/1/3e6f3909a3544c148be0e282b3d0d9db.jpg,1
data/0/442bed3ada1e4f2c846835d8756c7602.jpg,0
data/0/38fb7e3780e24f98a8b5210a4354d325.jpg,0
data/0/928af88f2d2545e1aefb4a1660d522ed.jpg,0
data/1/d54094f4ba12403a9c0068a9e9ca3072.jpg,1
data/1/e09cd2390da9401dade34a7cf63910e4.jpg,1
data/0/1905b2d9d215458897e27590b0a8b189.png,0
data/1/c8ef8a2df11643bfa87f23fee733d101.jpg,1
data/0/cf36de95f1d343b1a6feee2a2c81c8dc.jpg,0
data/0/a0bb459d19644e4d8a56451d3f292835.jpg,0
data/0/2812551f096b417cac1c2e3da9f336a7.png,0
data/1/14b96043be2349ec8718aa0f85db7235.jpg,1
data/0/8a07ee785b124417a05256ff5acb0de5.jpg,0
data/0/7f4ee8218dca4bd0887f9c6f298d9fd1.jpg,0
data/1/f1c7a0d3d1bc43a790fda0593d74a8b3.jpg,1
data/0/1bfbe12c3fd04c8aa6eea0ce71e67d23.jpg,0
data/0/af40e381cabd4b3bbbc1d4948db1ac08.jpg,0
data/0/6ca2aff8c21e4aa993a920ecb407209c.jpg,0
data/0/309cc66f0d5849e8861653df7e0d4229.jpg,0
data/0/cd50372812844d8195fd190dca8b1a8a.jpg,0
data/0/bc7f04dc94c8422bbb3835747c9c6741.png,0
data/0/6efe5b0b579044c189777061ae864252.jpg,0
data/0/06b42445d834466eb9d5a7fb68f4f6b3.jpg,0
data/1/1f6589a501f94d8b880cb72185078850.jpg,1
data/0/f238ae38fe7746f090e86eb800196c94.jpg,0
data/0/efa9b6b8ad564f5eb627a8715dc59d5b.png,0
data/0/871a7fffbb1a4b088266b2e308420209.jpg,0
data/0/7ab0145609f141d0960bb6f803ea5f52.jpg,0
data/0/762ac8137d7544e1a0779bbdcc363254.jpg,0
data/0/684ad6765584482fa468b3bc01db27ad.jpg,0
data/0/85329b53391b42c18e95186d5919f26c.jpg,0
data/0/dbb26ab41622475eb2eff996bb5403a6.jpg,0
data/1/340f470f6ecc4060b6836f8c580d3807.jpg,1
data/1/06be529750fd4de9b78171a2c5864c9c.jpg,1
data/0/1f8c6dc330db4c28816e17280bb4186d.jpg,0
data/0/8b48c2405b97430ba0f3ea2b7201514b.jpg,0
data/0/9d562ec0363844f4b9eb18114dadb6e1.jpg,0
data/0/10d4435f33e2459791d8f5ff4e142f9b.jpg,0
data/0/d61e819658ab48abbae5e2bb3094954c.jpg,0
data/0/1e79c0d3cea54b68a80bcdf499afb58a.jpg,0
data/1/9107995697bb4546bbb84444dd7d52ea.jpg,1
data/0/9cc3ce8e95f34c868ab0a1f4ccc3daea.png,0
data/0/ea0d3e33a9584fc49ee400030eeffec7.jpg,0
data/0/7e6f1a518f7142019dcd121677a75764.jpg,0
data/0/deeebd1f402a41bbb0989d1ef028fe24.jpg,0
data/0/17b25932bedb41ef8f4b7adb4694bff9.jpg,0
data/0/65279f1b57b742e6b9857b0909809ffd.jpg,0
data/0/358eabe61ccb45608bef50e39cadfa0f.jpg,0
data/0/63cbb06eecdc4cceae83abea00160c86.jpg,0
data/0/ca10ecb94c624b0ebedf8b600977fd6a.png,0
data/0/86274c0ee9eb459d9071cffde8ed1e6d.jpg,0
data/0/9d1c93fe968c4b7f84f134406c4bf8a2.jpg,0
data/0/b9ef2780a85748ef812e0473221bc341.jpg,0
data/0/1f6df4f0d03c49049c866361483b2619.jpg,0
data/1/936214d50c4340f996c242e93fcc73b7.jpg,1
data/0/39c661d5708448f0ae42de279aafdf75.jpg,0
data/0/31f62e806e664e8cb6c6fd8ec8335b88.jpg,0
data/0/f1cf7fda8e6a410fb7a485ddd059d632.jpg,0
data/0/1dd7f9c27bff4ebab9fd9259aa828f9d.jpg,0
data/1/dee51a95a5eb430083ac2c6967732d9f.jpg,1
data/0/47d37ea55be0416bb4f02e888e0e2942.jpg,0
data/0/3a64d115823d4a84bac559d7c345ba8d.jpg,0
data/0/ebe1d77f3bfb401fbe38a77933a89bef.jpg,0
data/1/f928f5729ee4425f9f08108ceb66ad15.jpg,1
data/0/511d0cc5b97140449fa99e158f423229.jpg,0
data/0/31bbb59e73e3481d821c9d00e6b3806e.jpg,0
data/0/1f0223e986c74cde85e7fa05cd943c0a.jpg,0
data/0/5d0759e41c654b7cb0f97af4902cfd92.jpg,0
data/0/8ccb11ea456b46eb80763ea0d3378fac.jpg,0
data/0/3ca07343cf5e4654a34a4d867af2b08c.jpg,0
data/0/5b6823d438034af6978fa0db93dcfafb.jpg,0
data/0/9af64fb7a09847ad9d5770533b29f600.jpg,0
data/0/7d4c92ee31174046a8f401f7d60b40b1.png,0
data/0/e79a39db0c0e4c51919affc8c04902f9.jpg,0
data/0/84678b9857534effa4d301385248e234.jpg,0
data/1/c1f18966a0974653b0037be9f5441cdd.jpg,1
data/0/bbe8821a09f94e29a3829718571093b9.jpg,0
data/1/947a87c1cb5d48318be703347674e100.jpg,1
data/0/304e9504fdae461b8d791c109ff22698.jpg,0
data/0/6f35c29554104413ba5cc10b37c0c971.png,0
data/0/6b254b880400426e961cf100faa7eb3e.jpg,0
data/0/334c6e0238d44e8b9a4ad2e99dd30528.jpg,0
data/0/bccb8ec533764967b69fc9453d64b45e.jpg,0
data/0/7bb90241e6024298929a1d0881658b67.jpg,0
data/0/761e0151b08e4ae0a8827d64cec2bb26.jpg,0
data/0/06fe5db3c64f45079b4e6ff632433984.jpg,0
data/0/fdf39c93a9334ceaaca947637b2ea23a.jpg,0
data/0/9877dcb235fb41ca8c5af3d0b069b644.jpg,0
data/0/ed757e5a047c41ec84971aee79c61153.jpg,0
data/0/16f7bcb2520b422e9207ccd71fe50c6d.jpg,0
data/0/2a796b663f1c43d98203a9ec2953907f.jpg,0
data/0/24bef58689a94459a7a486cfa7bc1ac6.jpg,0
data/0/5c122c0ad20b491eba842b79a5ef5998.jpg,0
data/0/68b015acad4347a3becd090763e723f3.jpg,0
data/0/a6615f9844804a9f839963f4912b121f.jpg,0
data/0/e74e8441bc22406085a021ddb52f6235.jpg,0
data/1/af608e88c1e64062b164e305eecf66d1.jpg,1
data/0/544ea55901004365a3515a47ed42c79d.jpg,0
data/0/0a1d6a6f2f56427c8ff1305d11b73946.jpg,0
data/0/e8138fa9291049b49e93927dd3dc0c23.jpg,0
data/0/9a61b2501c5e4b728179a3075c8c5381.jpg,0
data/0/66ad972b339740f3a747483ec4f0bd06.jpg,0
data/0/2c6f5d8462074a70a66f33956f5922ce.jpg,0
data/0/af1f7c20d71c45968f2e1f695637809e.jpg,0
data/0/5d85fc49d2f64866bf9588e0d0fbaada.jpg,0
data/0/b5cc465d984a4a14babdb975ffaf78dd.jpg,0
data/0/ca260859d9ab4b3eba02f1fd722745c0.jpg,0
data/0/e0f41b3efcff4b8395de1bf1fcad2484.jpg,0
data/0/b1f821a45a6045fe9bf0cb6db048b29f.jpg,0
data/0/e1c6ceb773c04ad993e032f6ad323987.jpg,0
data/1/783a2845da2e4caab58d3a51268f0baa.jpg,1
data/0/ed0006305e0742618f93228377e58293.jpg,0
data/0/9862ed104a654219bcc1c44c3445dd2b.jpg,0
data/0/c29211a1490d4f8e83a36f659c4e43fd.jpg,0
data/0/5da44a8abab44ce6b52c8e5cefc5ccfb.jpg,0
data/0/531fe7bef09f4bc78a501cf58fbbd16e.jpg,0
data/0/c2df81329f71453bbcc316adba77033a.jpg,0
data/1/865447b359b34ea49da5ca54dbc173fb.jpg,1
data/0/2651456686f44f698d9aa75b4504bddd.jpg,0
data/0/46e05e9e0a1e43fb8bd6496150d5afa4.jpg,0
data/1/5ed23a6b2b414d28bea4f7fe3a0e6c8a.jpg,1
data/0/1adee91ebb7746798db229eb2677b9a5.jpg,0
data/0/3496277f5a944125aa22405b9a59fbc6.jpg,0
data/0/5ec4cc99c337437ba420e67eb41a54e8.jpg,0
data/0/2cddf2fe1f474b3a8682a134b1e1acaa.jpg,0
data/0/a1a6b65e15f441deaf850e82ad3696c5.jpg,0
data/1/a5a01ba98d3645a08ca924096e2bae8b.jpg,1
data/0/283e6e6aadb14bab9a0782029a7a4cad.jpg,0
data/0/ff7a243958ef4343a076682c10e5c574.jpg,0
data/0/6c7f3b0964be4597abcea98d8b8b8c79.png,0
data/0/ebf15d2faeb449a8a5ccc296365cefd8.jpg,0
data/0/d6535c9344c748a2b9b0dc274c8304f4.jpg,0
data/1/f43cdd42d7cc46fb8473bb186655cf7e.jpg,1
data/0/0f7af5cbd0804e67af11d63c1c6e7f2a.jpg,0
data/0/027bc25e1d28430f88063a073e55f28c.jpg,0
data/0/cceb34479fd74e9ebab86609af7f5811.jpg,0
data/1/72ef28fe49a54ccb91d96c65e1486d7a.jpg,1
data/0/f429e6cb08714c01aec9f565d7852280.jpg,0
data/0/fc2af21e4be84e5895807261a8e5a184.jpg,0
data/0/669a6e69f9f944a0955cec749401dccd.jpg,0
data/0/3faf1e127fe14246bd89bc2803c38bb5.jpg,0
data/0/4aa1a906f7aa4ec3a05a1c33e6c96fe8.jpg,0
data/0/7520de2276f4486fb8468f9e3616bab2.jpg,0
data/0/78586155a16c4748aad537183cdf1312.jpg,0
data/0/b2be05391e4f4368a45975913246aea1.jpg,0
data/0/8bc071e3607d46418709e522bfafce63.jpg,0
data/0/7934954f9a8342898bf8544312690875.jpg,0
data/0/2256803080b5429fa862e7f4eec4f8b2.jpg,0
data/0/afd071f6e3b44b40a57c4ff0810ea319.jpg,0
data/0/eddac36c99524a3382820a19d000d786.jpg,0
data/0/c9da8b3742fd472a804afd3d41d1dc24.jpg,0
data/0/9ba62b20ee574337a9731e895989aca2.jpg,0
data/0/27dcd812b2914fd7a8b37b4adbcb69cc.jpg,0
data/0/3b6b3669a74344319453f74316f5342b.jpg,0
data/0/650cabe3a7404b0f8981b5a2a37b169d.jpg,0
data/0/8e158f1407044e0b9b9cc7034a070508.jpg,0
data/0/8636028b3757486891dae38423ef6f11.jpg,0
data/1/82118b4f2bd048fd9690164c45feb636.jpg,1
data/1/b4dde9c73a714837bf5a32d4019e02fb.jpg,1
data/0/3c0188a9108140eaa5ff9c28443e8e8f.jpg,0
data/0/e77e3ed8c6dd4a0c8569acf7a07a7c22.jpg,0
data/1/4d29c6befd1c480dac9637ec20100414.jpg,1
data/1/e8985d6a04f7481ca21e4f389510e608.jpg,1
data/1/a2e046afd40c4655a9e46dc1f19dd4d8.jpg,1
data/0/828d1a7940394a2487cb51c338e5b438.jpg,0
data/0/977791be86ae4c43964473a31f12018d.jpg,0
data/0/5f46b87ea91f401f923b74b4ce691d84.jpg,0
data/0/40a87869191b4e748219907d841a3bcc.jpg,0
data/1/3470d14600c44f67a0f9f6377822538e.jpg,1
data/1/066b182a70a04e07928120435765b159.jpg,1
data/1/a5df5c7285ca47258d97645ab2a95e5b.jpg,1
data/0/d97be6e1aa2547ea885a51ffa02348a1.jpg,0
data/0/637abf8e3dee4dc8971fdbdea7bad193.jpg,0
data/0/c8fa73634dba4a808060ee8cb8783bd6.jpg,0
data/0/e84e2709d00c41dd8b9a0f3b6e144287.jpg,0
data/0/70843a6e63b246c4a3df5836f0ac13bb.jpg,0
data/0/ff422ce8d21648018a3c9818ef704b08.jpg,0
data/0/bbd5185c299d40b199756f3dc12bbcb6.jpg,0
data/0/0664f301bc074788925cf8104dfc942d.jpg,0
data/1/65663ef8ad774ce8aeb09d87ed059407.jpg,1
data/0/eb84b416c65542cf8b6efae0454f3e28.jpg,0
data/0/a16020085b504c07b0cf2a8f77ac6912.jpg,0
data/1/432e7e0d687745e6b4ae14a30df09fb5.jpg,1
data/0/23913592b4894f66abe667d9749b69e0.jpg,0
data/0/28caa5ea3dc8439d9cc34b9ad3887e87.jpg,0
data/0/3d49a5650a5a4254b9fd9fe5791e6e37.jpg,0
data/1/29e49f44803d4155a80d43d852a56502.jpg,1
data/1/6e9ac54b8712482a86ed25caafcafdd3.jpg,1
data/1/9803b2065e134d18b5e3697356b73c12.jpg,1
data/0/7edf60e1fe7f4780b87a97b24f53cac9.jpg,0
data/0/2cd93910fbd14839bb18740a5fce0ebb.jpg,0
data/0/a23a773130c74204a3042fce29cbcadb.jpg,0
data/0/1d9ff8e2ada7482e8eca91a587241236.jpg,0
data/0/9ebf2d41a9904690b301501aacc40327.jpg,0
data/0/602d1476d87346798dc31cfc6ea721bf.jpg,0
data/1/fc980991f753475ca3adead3aca66951.jpg,1
data/0/e474a73f8c8349a194a114b5354725eb.jpg,0
data/0/b91316ce2e4f469a92180128062fb496.jpg,0
data/0/72650ef1177e4657aa8a9ce30df88b54.jpg,0
data/1/19e932610a31430f982c16e7b4167d04.jpg,1
data/1/c223a4e65a6747dbba5befb8d9000f61.jpg,1
data/0/079802a00a1542139964ba7edcec894f.jpg,0
data/1/a8e6530b5d504b00aac3e0bb9b790281.jpg,1
data/0/4ac2984f72864ae9ac44a7d77880ec52.jpg,0
data/0/8ac8ec660d3a49a3813f088f1120fe6b.png,0
data/0/09dc701559b24335866769f4bf26c9d1.jpg,0
data/0/969c0c0f8372480690230e8f48b5a68c.jpg,0
data/0/83d121c178b345c5a8c3059cc446beb2.jpg,0
data/1/6cb3c65bfa1543bbbb6824c091973903.jpg,1
data/0/ab68a05fedbc486698650f1895692ecf.png,0
data/0/872a4452789949c1b40c5ac60a6fc96f.jpg,0
data/0/5a405112899949a79d671cfff507bb07.jpg,0
data/0/eac30c35d6c3476d85af9e617ad60e3b.jpg,0
data/0/63fdb9513bc946a6bf63925bbb78a760.jpg,0
data/0/6f578874d2e84791966bf1e2919382e6.jpg,0
data/0/1d3d18bbd263434cbc25bec06d5ebda3.jpg,0
data/0/b0fe5261cf3a4c3faebcc4693caca399.jpg,0
data/0/7a0e5b76598040abb8ebc8b332cb8062.jpg,0
data/0/4de4949d09864e00b6366e26152fc719.jpg,0
data/1/2f3acdf5e3d346d48e9f4b98a2dc3293.jpg,1
data/0/65525a8c8b9f4bf9a6c2dc2b8e8e4b6b.jpg,0
data/1/830ee3bce1be4437b285e8062e3215fa.jpg,1
data/0/69a5cbde563f4a87964f37b3e91c6057.jpg,0
data/0/ae1fc365c8d542248c39b8146dd62f78.jpg,0
data/0/9abbe89d472640b9aa094e18f9abf575.jpg,0
data/0/76f0523e36384d9c9f3d84a8dfd3b0a0.jpg,0
data/0/dab02b68a89e4d9fb9a72b5a63bb39cb.jpg,0
data/1/3463536e669f4ef5a41c6977a0435c55.jpg,1
data/0/ccbd1ceefdab48f082e3bb66789f562e.jpg,0
data/0/200e71f4f3a34cfe97856cb552dcad51.png,0
data/0/f80188d095c9469ca300fbcb88791eea.jpg,0
data/1/580c4fa730ae43f98d1cdd3bcf5dc1d1.jpg,1
data/0/5b7a9c6aab4e4a7a9a9a2b37066fedd6.jpg,0
data/0/2c8ce8fbe8fb4233a0f7aaccf018a35d.jpg,0
data/0/b373f226f21040d0b307b9efb5296660.jpg,0
data/0/acc5e571c8764cdf8a8b2fca6bf0ba36.jpg,0
data/0/1c1eca3ed42b40c182ee5c261a1d7333.jpg,0
data/0/6627bba4334c46de876eec0bfc29c185.jpg,0
data/0/b3016932016949c197f9ce2dade6f877.jpg,0
data/0/01a6d7eae8584086bf5090fd020dc3bb.jpg,0
data/0/885227f25df540c3938f14c5fc7aae6d.jpg,0
data/0/b7f3ab9d99114d79bd924c78a5fd9850.jpg,0
data/0/35b4601702514908b4ef00478de5f95e.jpg,0
data/0/b61615827b8a44a7b6fed3d80ba5be66.jpg,0
data/0/b9311d67498f484299fe906a0fcfb384.jpg,0
data/0/7bf6440633014b3a937d9cb4330df8d9.jpg,0
data/0/2f382b36dd6f4105add174a149adfb63.jpg,0
data/0/ee5b870095ce4123b7e6dcd60e16d6dd.jpg,0
data/0/af131db7eab840558b4f4269e2e0804b.jpg,0
data/1/5a6a5a224709412ab93413151de2aa60.jpg,1
data/0/fdea8992035046138f59c1745cde476d.jpg,0
data/0/d7730e4e56f14ae1a28115407263960c.jpg,0
data/0/cf536c9ab05d4fc1856ed317506d5ccf.png,0
data/0/fdcd0eefe0f443b3b77a43ffe419bc38.jpg,0
data/0/965b0c2074e34fc7bbea41110d507240.jpg,0
data/1/ae3050a2382542189467321f4822032f.jpg,1
data/0/2281e1a8365d411c8336d64aac79eaa9.jpg,0
data/1/028405c2fe394040968570e7fd8bb4d6.jpg,1
data/1/c98d70f90fc6452b92568b773d4b3347.jpg,1
data/0/624e7f86676b4abcb6c01a54659f29a6.png,0
data/0/0628307cf4ae46f2bf22840d5d490f43.jpg,0
data/0/55658734197a44cca4bb224b9b227b7f.jpg,0
data/0/aada9b1eb514404fb7be0bcf671dfbb6.jpg,0
data/0/fafbe61184e540a88190d93864b50229.jpg,0
data/1/9c7036ccc3f047c292fd49ba150ceaaa.jpg,1
data/0/5b119a0cad2e423d9d1e25c3aaed5707.jpg,0
data/0/252855829480469896c581fcc5417f33.jpg,0
data/1/feec59b9fc6e42c8a855bc76040a30cd.jpg,1
data/0/84aecd5dd6e44795a6e549dc171a670b.jpg,0
data/0/7c2f6f2cc0f1457aaf5cf19f21da7e57.jpg,0
data/0/cc6ddcdfccdc4bd396f191768166a6ff.jpg,0
data/0/c692e7198a184ed589b088ebabf4f367.jpg,0
data/0/4679d61922264f6d977e94d48d73161b.jpg,0
data/0/066cf588772442f3b674d772127f297b.jpg,0
data/0/4f618d0809f54dd5be89d93ad2779deb.jpg,0
data/0/317d28e9df504b1db473e658293c2e51.jpg,0
data/0/314c8e6a54b549a8b4c48192a690367f.jpg,0
data/1/5ce112c26c254b9c9fef7f8add029941.jpg,1
data/0/5de14bb16c4f49f6becea88496d9b3d6.jpg,0
data/0/929c3e360b69460cb849898afec12a12.jpg,0
data/0/9aa64e11790c47cb876b50cad71e1358.jpg,0
data/0/65a72c1c247846e9bd1effa7dfeec256.jpg,0
data/0/1c9bc955a66a40249f07c499077beb07.jpg,0
data/0/9f3ca4822fd7487eaa32d47a5058986c.jpg,0
data/0/150115b06492421e8a6771bf56325a66.jpg,0
data/1/0048b9df47194f39804a39d8abc4017e.jpg,1
data/0/b770b7b4421342aab87ce16df9596436.jpg,0
data/0/107f67f2cb0c482896d59cd75a3aadd9.jpg,0
data/0/2dbd6581420a403fb122dc79bf963602.jpg,0
data/0/8c5dd0208eaf4c5294b7cdfb9d49b7ce.jpg,0
data/0/cd8fe505329e447c900d04baacea57a4.jpg,0
data/0/4dbfe4bb102349cebd8b199ca6a69aa1.jpg,0
data/0/9741975c2d1a4a3daa9da3860bd76440.jpg,0
data/0/4ba2a79b27494349b171eba43a08ac12.jpg,0
data/0/558441e5cf9a431184772d7377670efa.jpg,0
data/0/cc05a07af4a047ea9ad25400a89ce939.png,0
data/0/bacddd22353443b5873b1d7433f9b29f.jpg,0
data/0/7a90c8c02dc6471ba0ca3ebe8522aab7.jpg,0
data/0/b25064dbd9b5498692d46ffc77cec678.jpg,0
data/0/8f41e0ecc93148ce9708c81d5eae1e3b.jpg,0
data/1/4679b53f38044e568d917b1912195d1f.jpg,1
data/0/c1a6a5aa66d04215af6c691ca11e65d0.png,0
data/0/f0a0659a3b0d4196862fd4c2223f2960.jpg,0
data/0/e5265487a4dc43dcb0180fef4fd6d911.jpg,0
data/1/29fe01b685014f5fb7a7c69a707944ac.jpg,1
data/0/17847ca3134f4993bbf3645187b71cb6.jpg,0
data/0/cf86041b4f5a4d65a1b2eb3e623784ce.jpg,0
data/1/5f91747bb4684e0fa9d08a24abd97cff.jpg,1
data/0/6cdf68a2b5ec428d8d196f6536868659.jpg,0
data/0/a8539518f91748e383cf675bdff082c1.jpg,0
data/0/d0379c433b8e4847a7f6d2f5f76be7e2.png,0
data/0/e045b64e58bc4bfab82585485cca9935.jpg,0
data/0/0851a68faffe4ce396b7a8e7587faf80.jpg,0
data/1/be8dbe00b9e948cb901dc1eefe481613.jpg,1
data/0/e26e455634d34827a0d352a84594e6ab.jpg,0
data/0/f5a729aff6564131a73c4e3f1a3475d9.jpg,0
data/0/2ecf8c03ae054335a24dbecaa20fc853.jpg,0
data/0/cfb34df07cea4f8b909888469743d02d.jpg,0
data/0/c0030861c1a04e9f873f1d5b6b0c871f.jpg,0
data/0/ef4bd69679734b5993ce8d7399be4d0d.jpg,0
data/0/032f8ec4fdd240ba8ba625feebe420c6.jpg,0
data/0/681f7362996743bbb0b0418ec68a0d83.jpg,0
data/0/91737016b7d04b409636d0b56b127273.jpg,0
data/0/bc936e52522b4c298cf2aba91437a5e3.jpg,0
data/0/fd8604796d49422c87a9f03e5998374a.jpg,0
data/1/cb4c52a010014323adcdfdf4435eeef3.jpg,1
data/0/6c1a52874c3c42a4b1675735cc7ddb1a.jpg,0
data/0/8cbaae4601ec427eaefe0aee1eec81cc.jpg,0
data/0/fc1e58fbd9784557bb8a816fda511400.jpg,0
data/0/4718fecfb679494fbcb2d5b755a13945.jpg,0
data/0/319e616874e24f78a3b910ab592a59ab.jpg,0
data/0/0ebd77f3c97b469994be761df52e0e23.jpg,0
data/0/080653feec924274b1e75ed03e077eb0.jpg,0
data/0/bccaac551df44124946ca7c52121a573.jpg,0
data/0/34646cbe6bee459482736e5299d2201b.jpg,0
data/0/95900268103b4537a89546438e8bfddb.jpg,0
data/0/f33e77546a8b46f09155405e805fc7b5.png,0
data/0/e512dd6c8041475681ba979c7a315bc7.jpg,0
data/0/5922cd63dd40453c8a882de0e093fd40.png,0
data/0/a322874b4a384a329f00ec5b1c0ba1e8.jpg,0
data/1/164ae52d0c0b4bd5a6dd6c1a7be6b572.jpg,1
data/0/1262e1d0dd564c5eba57387eb5aeef93.jpg,0
data/0/e386d79d1c284111b4dad8b65c2d25fe.jpg,0
data/0/90b991e4ea6a4a769361f457013ba7c5.jpg,0
data/0/ec32626352aa445fbce734f6b5d1ad0a.jpg,0
data/0/4e19e602683b4b08901300c93a33384e.jpg,0
data/1/c7ae4204040a4e3b8966967ce6c4ea24.jpg,1
data/1/1c4e563b26f841c2afcd053f59d4451d.jpg,1
data/0/ac430ae941ab458d8288967357f698e7.jpg,0
data/0/54da4911118f48bbab21b8e7f5d597eb.jpg,0
data/0/812159d85e454377b960d8fbd41ab3de.jpg,0
data/1/2b4af9733f2c49e4b42f8967b1c79349.jpg,1
data/0/df1d6fcafeae4ef995756612e6fe8732.jpg,0
data/0/a3ecd3b74fe64087b50467f3b50b8c29.jpg,0
data/1/539e64d9f3b04fad883487f1eee30bf0.jpg,1
data/0/664e1a739a384d09879f903f4646ad23.jpg,0
data/0/f87bef79e5db4052aaf2de708b85e1d1.jpg,0
data/0/1f8bc3c1d7104da1ad5b6f411a3eeecc.jpg,0
data/0/13318a5373d9451cab574472134282e0.jpg,0
data/1/dc7efe22b5af48d684f7b8431b133e07.jpg,1
data/0/3e6c595cf0144631b12723dc083f135e.jpg,0
data/0/dc18686567e44aeabb51e5eff02bd704.jpg,0
data/0/791c152bdb784cf8a0e66898e0b70eff.png,0
data/0/98ad2223b2a14aa9b73b93fa169f0140.png,0
data/0/cc766d72bd584c74bff971e34b004711.jpg,0
data/0/897c7fb998a04a259088087bb680e5b2.jpg,0
data/0/d6d583b3a7f841618108cc8684d32185.jpg,0
data/0/acc446554d5d436696b524e0bd7bf28a.jpg,0
data/0/e20388ce3bbf4d2983f40134bf705f81.jpg,0
data/0/6da41b313e0f4e1a91adc1f00632e47a.jpg,0
data/0/ca380289c7704e61968f9620626b33d1.jpg,0
data/0/3bc37530e12644368bddfa1f61e168e3.jpg,0
data/0/ddeb34fc694d4086b1ba1c86434acf29.png,0
data/0/c62128f2cb194b998ad116d5d6d1acdf.jpg,0
data/0/66c0bbf6fe3244ab81d869f1ef9be72b.jpg,0
data/1/e95405ac13aa4e0d9b88418cf448830c.jpg,1
data/0/6531f00a1faf40ac930fe0aa6437cbd7.jpg,0
data/0/0d7c042eb5e44482bc2741dbd7c85f83.png,0
data/1/24e017a378a1477b88017ae34d171110.jpg,1
data/0/4f4ee336f1764bb5946963d7be7c0fbb.jpg,0
data/1/b6019b4dcf344c9596c78e1fc091a9b3.jpg,1
data/0/cd056007a78046998c2e5dd8afa7f988.jpg,0
data/0/c77304758c3d4a43b23c2f32ed2c89de.jpg,0
data/0/7766a075584b49d399a218063b4f394e.jpg,0
data/0/40a507cd5d364a49ad4c2ed7a3e34d59.png,0
data/1/a1bf134a3a8140ab8112afacaf13231c.jpg,1
data/0/9d55b3bf6fd241aaab3addb738208c85.jpg,0
data/0/6d092b5b10134130a7efa7b0b32563dc.jpg,0
data/0/39e95af311ef4f37b71cb927cba78668.jpg,0
data/0/0dbf50fba17842119f6c35df3f19a55b.png,0
data/0/e1f960b08e3c4b67890c6d0da6512be6.jpg,0
data/0/925a9e7f336940878b60e01ed8f1c2cb.jpg,0
data/0/ffcf281d16eb4f38ae193a6ba8ed93e3.jpg,0
data/0/302caeabd4d0403c8473be7f86ed19b8.jpg,0
data/0/2231aac26bec4bdb8de68e99665047a0.jpg,0
data/0/d97df13c35db411f9576dde6a00bd513.jpg,0
data/0/0734ec01ae724e39a09ad29a0271a816.jpg,0
data/0/01f4fad93c77444d9e3ae16c0fd03f96.jpg,0
data/1/fb4739438a874c028e6552f9756b7228.jpg,1
data/0/7c7abe6188f746e9abbcf612b48e52d3.jpg,0
data/1/be15583d66414d8f979cd71ad3daa0f6.jpg,1
data/0/8bf50e9793ad4d56811289313814ea15.jpg,0
data/0/00081ad2bdb54aff8964620826570d32.png,0
data/0/c7b2857c66564d37af8fbf2fb7117492.jpg,0
data/0/273b3e80119e40a2bf67f3b5cbfb20b2.jpg,0
data/0/28e04ba45b364237ac1c719ac96e2bd5.jpg,0
data/1/041953b734c64d6d9b52794c4c4853e7.jpg,1
data/0/77502f1e1fc44219a5541e0ab00ff42e.jpg,0
data/1/afb5eab9f6de40e6a874d4e9bb8b784e.jpg,1
data/0/2a5f5758d0094eb39715248fcc7f69b2.jpg,0
data/0/ac16d4c8df054fbb89ff2e372e60dc67.jpg,0
data/0/8b46465daa2346da99349ec4220d56e9.jpg,0
data/1/52616539bb894bcdbed805c186f9d2b3.jpg,1
data/0/b02bc9ed5ec049a8b8a49c26f4b23cf9.jpg,0
data/0/b582939bd4e145c2ba5963f834d919b6.jpg,0
data/0/7d00a8bed0e64294835170be82c8c382.jpg,0
data/1/cdbf6dba64f748278741f2112e7027f3.jpg,1
data/0/370024e864244a28af4a9e8550c04e85.png,0
data/1/48240a6adeec4873b4f3bd6f2dd68dd6.jpg,1
data/0/17cc88ad7dff4f98a2193f33c31e3f29.png,0
data/0/00c2d4658f6e4aaab784c60f7ea84ddf.jpg,0
data/0/58569a9bf4bb4c59926d19b7cc996a08.jpg,0
data/0/9cc65d944b8e4b9782bb0b5809b81220.jpg,0
data/0/153d1c45835c46149d60db8b31728262.jpg,0
data/0/99154d673ce746e79855db066fc27e38.jpg,0
data/0/bf130a2abdc7464ba5fcf646eaaf99b3.jpg,0
data/0/3c64ff0ff78b473ea7efba39a796a686.jpg,0
data/0/4d1796ff936c4a199056e85f85f2136d.jpg,0
data/0/9699201d0e3147b59d015d28b4c65668.jpg,0
data/0/e84655af8f4149299e0bb77133eedc3b.jpg,0
data/0/412a1b119e974119ab16da6f68823fab.jpg,0
data/0/e783eff0f0334338a221725600883bf5.jpg,0
data/0/a32541bcd5054305814ba4e17f0a0d5e.jpg,0
data/1/a7ae0d35fc264682817c118c454f78ad.jpg,1
data/1/5a3152b43c4742d9baae4933fcc01164.jpg,1
data/1/e69cc946ba654dc5b1ee22bafb110fc1.jpg,1
data/0/7d67ea632a8441b1a0279944070a3d6b.jpg,0
data/0/ea8fc024393a458dab0067926b8c426c.png,0
data/0/c14d0e8056d24655a8373e48ccaa2f1f.jpg,0
data/0/9a18d0c2fca14bcf8f3671f5ed6596be.jpg,0
data/1/58072747ca2a4b74b6d607c9db1dda36.jpg,1
data/0/58bee49b559f46fca86188e5c0177320.jpg,0
data/0/8e4b7123d4134427802384e0477916da.jpg,0
data/0/47058546e3a84c9e9e464454f624c106.jpg,0
data/0/c8983882c79441ddbe2301ed624fefe7.jpg,0
data/0/328b2ced572c45829deeadecb98dbe52.jpg,0
data/0/8a42b6966dd44e849d2edcd4b1474e22.jpg,0
data/0/3f41da68a48f4f4782cc7353d08ba90a.jpg,0
data/0/bd4f723d71d644f6bbd90a2514fa1f3a.jpg,0
data/1/46727a79e4114e918cf7f9941a02dda3.jpg,1
data/1/60fe8b1d62184e949654318bcbaed360.jpg,1
data/0/4c10dfae4a544cf88fae8b2fcddf5d61.jpg,0
data/1/442c14ef50ee4e349259566dd7f34a4e.jpg,1
data/0/58bf254a31b64112ad5c4c1c45103360.jpg,0
data/0/979be2ee5ed54a70abe514c47b4baf98.jpg,0
data/0/79f92fc8774f43e1be4dfcac6ae6292c.jpg,0
data/0/3a23025bf4ee47778fc74162d0940bc3.jpg,0
data/0/f89aee71c51641a1aa7459dea98e2abf.jpg,0
data/1/a477c0378765457eb3f93a69afb5155e.jpg,1
data/0/9fe31d28e23a4c4ab7b7cdebc6b1070a.jpg,0
data/1/cdaaee534e74413a8b8a51883ac159be.jpg,1
data/0/d316b1b0c7dc45738c2fb800797e8f88.jpg,0
data/1/e9ee9786c8c44a62af78018fcce04c70.jpg,1
data/0/49cf372b8fe44558a4b5e3de5308564d.jpg,0
data/1/6afa7431b2994feca940adb53d1219c7.jpg,1
data/0/31e02f7f6de040f2aa9f5d8d9a51ae80.jpg,0
data/1/c33c0405c4984e4f8845d3ff4e72f9fa.jpg,1
data/0/4178daa8755d470a877cf580cbc47982.png,0
data/0/8365b95ad4f8492ebf997058711a6327.jpg,0
data/0/2eef8d8f218f4075945ac9c92888edd0.jpg,0
data/0/0c061260064f4225948787c9e4f9a65f.jpg,0
data/1/f173c12e75e548d8a7ad483433522811.jpg,1
data/0/48582b2d698c4f7b93ec14eeee6afdcc.jpg,0
data/1/2d26e73926c541a2a308b3a965e430bd.jpg,1
data/0/663489182fa54fd1a07026705e4d4e60.jpg,0
data/0/04c81c0797af417586b09964300d1f86.jpg,0
data/0/8ae2b2edb91e4699a44a08b1605e81b2.jpg,0
data/0/e327cd35d2c1450fb074dddd3e70c122.jpg,0
data/1/a46ff3ea22374dfc95b2c979373179ed.jpg,1
data/1/6ec642d6cf874b3aa44a287f575526e3.jpg,1
data/0/fc8d95311073457b9db9fa1ddfe0a0c7.jpg,0
data/0/1ad13dd0073641449c7d9a4471101d23.jpg,0
data/1/867f5bf8f673435ab04f509265ac11d3.jpg,1
data/0/919be36ef2934530944bda2f43940b33.jpg,0
data/0/75492f96dfbe46f3bab866cbc9849872.png,0
data/1/4378c74eaa2348f79437e99c1c9b997d.jpg,1
data/1/291f1b01ab1443c2a0815297f4c98991.jpg,1
data/0/871afbcbb7184a66be24ad30c1511ba4.jpg,0
data/0/0f67cc4cca4b491d92ceb69ce0232142.jpg,0
data/0/e916c387b3b6409ea8299325a052e064.jpg,0
data/0/43b9474b137947fb9c3d9398a295d0bf.jpg,0
data/1/5d426c0a0463423585e1280260d7e8e8.jpg,1
data/0/4de587ad84b44ab89df87be42087a128.jpg,0
data/1/5d985a1a861343b293f5186840c1d561.jpg,1
data/0/994d7e8b42c745829b9ba7f79f8bb3d5.jpg,0
data/0/a5c1e468bb5a454a94b32df952b61478.jpg,0
data/0/9bbbf3e950284d2491fb9c12b517fcfe.jpg,0
data/0/202ed637f4e64a2e812cdaeeb4195b47.jpg,0
data/1/fe7334531c7c444caf2f0114a3345369.jpg,1
data/0/cf249eaa215e4c20af43be74c8922576.jpg,0
data/1/6a561e85ff5f463a9b16e043d8c8ef5e.jpg,1
data/1/c788baaa2c954b4da78df830a3a4710f.jpg,1
data/0/72d4650102c6482195d6ab1ea2c33bca.jpg,0
data/1/b06db7c4351a430cb46f859b46ce6d4f.jpg,1
data/0/1ffb58d6fec84b178c065f2a05800d8e.jpg,0
data/0/90a2ee4440ba4fb189df2542f102edf9.jpg,0
data/1/0b4b4c70b81f44839fe6c108e2e09abf.jpg,1
data/0/4d907815245b441faa47b82079363e34.jpg,0
data/0/453d27dcfdd0404fa64430dcbbf93d8f.jpg,0
data/1/e0a8e3d8ef19470682e67c50bce6a7a0.jpg,1
data/0/ebe1ea5257d248e095df998a7e9685cb.jpg,0
data/0/3b1c6e66226f4c71acec0352f70e7db1.jpg,0
data/1/bb4eca54eeb34c86ab19cf0e840e6f1e.jpg,1
data/1/8a843ee883de4f3086009f0e55eff08b.jpg,1
data/1/2716b391ad674936adff827fbdde0e96.jpg,1
data/0/13b33c3def3c4653adc043314ffa8b05.jpg,0
data/0/229067c82b7943c3a86e1c1e63d7d0aa.jpg,0
data/1/629cf9dca0974b81a679a465836d8f5b.jpg,1
data/0/d3ffe5bad6ec40edbe798e93e1aeb784.jpg,0
data/0/79035cc33aa343caa5cc49a7628b3aa4.jpg,0
data/0/c621979ca02e4ad2a822eb2af2e187f0.jpg,0
data/0/0aa74139b5ec451d94f492c1245396b2.jpg,0
data/0/7e7a65ea03724ba08cfb8c744b42af44.jpg,0
data/0/fb36cec9ff534c56bf4fde68be2d71f3.jpg,0
data/0/e3352d98645346f19f73d14a0bb579e7.jpg,0
data/0/aa6a3d76f4b746c28fe9ed02805e19d8.jpg,0
data/0/69ef04b2d59142559f7719512c18fc96.jpg,0
data/1/d164579626434359bd65903a37befefb.jpg,1
data/0/2357a3d9975143f5bf6c78de97a3362c.jpg,0
data/0/20c908e2028544a8b920a57f16d617bd.jpg,0
data/0/04f9940c264b42faa2563324aa07706f.jpg,0
data/0/70550918a9334e91a11655d28f89f646.jpg,0
data/0/2ab4e5d238604810b61d681a8723ec00.jpg,0
data/0/a652fb9277df4c969d44a194df9f57a8.jpg,0
data/0/8d00d66125f141b08bdf64bf7642f25a.jpg,0
data/0/be4688b056b84d78b85f6eecd21e220f.jpg,0
data/1/f0ed55365ced48f4a46162213148a986.jpg,1
data/0/12f1de18c2b54dc9b3d913c73fc8d33b.jpg,0
data/0/db40f13a94f34cb886e3ede53b42baef.jpg,0
data/0/fd2d58616fde469eafba1bc9a559e396.jpg,0
data/0/e4cadbc2b6994a138b48c9ac016f1850.jpg,0
data/0/8840992135d54909a810e204a2f61ae4.jpg,0
data/0/daf3b70819aa482cad352e257366e9f4.jpg,0
data/0/71215ade8b3d44829a4bd97620677a90.jpg,0
data/0/aa976214ef32421da3c5046542b073d0.jpg,0
data/1/976e5a50f31e48c69467c94b758c53be.jpg,1
data/0/fa803e055f7d43b09a6c06ca0c1fe2b8.jpg,0
data/0/32350082add04b35958fed8ddb21c5a1.png,0
data/0/c564051df6724626b3d829112eceba32.jpg,0
data/1/a80d3f654f00442a8b8ec317156cd677.jpg,1
data/0/114b68cdb93546d8a02903ccb174cd54.jpg,0
data/0/d03e7620dc2849d0b66d821ceb7350e8.jpg,0
data/0/e34438c2932f481aa26e2c96d4983a09.jpg,0
data/0/7664976a44994029b0939ca2aadffc91.jpg,0
data/0/ca44aac0621a4a67b871efae31f65e45.jpg,0
data/0/eca22ddea4d44c98af1788b514db03d6.jpg,0
data/0/22a1cc70b3054a68ab19b773fea93125.jpg,0
data/1/3159064e461a402196a66a1b04a4adb8.jpg,1
data/0/a5003153d99f41288659065c02e9dd29.jpg,0
data/0/89dfc43956594e9bb9fdf005c587df9e.jpg,0
data/0/3cb4b861d5294f9895d92e5c1addeade.jpg,0
data/1/4d8758b57fa547b4a68643a058be251a.jpg,1
data/1/e7e05f0c70dc4396a444c689cd140438.jpg,1
data/0/985d7b52155b4ae9a7424927840a4568.jpg,0
data/1/89ce119f79094dc1b90620a3248fea69.jpg,1
data/1/3564628206254861b877b6e09084e129.jpg,1
data/0/7f48ae5a011f42b5a11e5083eae18703.jpg,0
data/0/8833d346d83242719acd8f09ba439307.jpg,0
data/0/04b036b7751b4815a0b7f0f57a652420.jpg,0
data/0/13b624f28634451c970c11e648ad6ddf.jpg,0
data/0/de6ef1fbb7a840a8b34a0de9d576e30a.jpg,0
data/0/a67a054ee823411f94a8e7e549c08f19.jpg,0
data/0/b0753c2069f6433cb8826d00e8444b18.jpg,0
data/0/bb3dc7e377334b11bfdd12e86033f06c.jpg,0
data/0/d4fa6fa50890414a81508c8f65240152.jpg,0
data/0/1793ce938f00493cb07f284617d92d6f.jpg,0
data/1/f622ae1b16c0424691ede8159af04886.jpg,1
data/0/ae36b16edbaa463ba0985cc2a864cfdf.jpg,0
data/1/fe76acd0e90d4d598d6560d48118ca7f.jpg,1
data/0/dbe5ac29a99c4da68305cd3b843bd09d.jpg,0
data/0/f60e878b3148411caeb3d6e336638abd.jpg,0
data/0/99e874cd81ab418787bb1fb31acd0265.jpg,0
data/0/0fdf2c4880504c718711c563a6f08ccf.png,0
data/0/85b72663f44447a0ae404038175d7865.png,0
data/0/ddbdce57d50241e1b4c86bf0a0311790.jpg,0
data/0/613d804dfe4f49feb7cc868743508938.jpg,0
data/0/6272e6b5ac774b5fa9942130147048e4.jpg,0
data/0/f08bc0bf3f44429a89da67f78e7a3af6.jpg,0
data/0/9ac520d58905489d828890c26343880b.png,0
data/0/b107b3cad2d247e299ce449338287b57.jpg,0
data/0/05bacae439f145bb9fdf991a577a1b27.jpg,0
data/0/140549103ada4cda950cee64cba80968.png,0
data/1/e87fda60fd8f4694a4f9b3ca69ee0ea1.jpg,1
data/1/1faa5d24b8ca4d6c8a506309c5e7273a.jpg,1
data/0/f6afd4b3787747bca22f778764b28199.jpg,0
data/0/91cdeddd94584ba39b5ff594dfeb38c9.jpg,0
data/0/a6f984ad95d941debeee7acb615b1e91.jpg,0
data/1/a1374d93349c454bb6e0271a3325f170.jpg,1
data/1/b8eb0e2c252e4f3e84000ab61e4c5f40.jpg,1
data/0/c319a5e53c6d4749afaeea459bba56dd.jpg,0
data/1/2ea6489e1b884fff959e4a20d546dc4c.jpg,1
data/0/3e6c50d595d741c687d9aa01b6b0b23c.jpg,0
data/0/ab26f7025bd14aff9c95d08c5454566a.jpg,0
data/0/6b7a520af4f44d41a94b9b3a48f6af99.jpg,0
data/0/0ac192babf16481cb0453049a94dbc59.jpg,0
data/0/1b15a05daf404d7da10e184b2e356287.jpg,0
data/0/84fdafc863ed4dcd82a902c1c75e163f.jpg,0
data/0/4779f4dbc3b943ba807ea2447adc157f.jpg,0
data/0/e3436dcfc8ca4226b951f4a2920c2beb.jpg,0
data/1/45aeaae694df4f709ed001d3c6994da6.jpg,1
data/0/72bf5c64706245f7b5586f0b482ada8a.png,0
data/0/ee256e6c093243d9baff193df50940fb.jpg,0
data/0/000a4d9158a34f238fd06b1effcdf53e.jpg,0
data/0/1afdf5d5c3564b448419b04012215431.jpg,0
data/0/654dbf59e83e4f05ab2426d4542fc68c.jpg,0
data/0/c1f36add0a004812acc7cb0808138ad9.jpg,0
data/0/513f6bafc9ed4048ad90eb22b472e7c9.jpg,0
data/0/b569dd1a139246868f202adbb449b41d.jpg,0
data/0/fc04fa77c6be4c97bafe1dec24f3fa1c.jpg,0
data/0/35a5c7af16ee43268f432f82e6ff583b.jpg,0
data/0/1819824ec354457fb6d2bd8cf85834a8.jpg,0
data/1/c35266786c4d40a2b8454e5c3d96bc69.jpg,1
data/0/82d0bef6be0248f6a015d066e0c2790e.jpg,0
data/0/5cf583e98cc34f7aa5344887b56231e2.jpg,0
data/0/affb8882033d42d395371660b64acb43.jpg,0
data/0/80c478d59e80409aa21f316df9040511.jpg,0
data/1/4776f7b475cd4e919b6bfad8aaf2b793.jpg,1
data/0/029a2fdffaed47cfab85eb79432dbdc2.jpg,0
data/1/013bd5db9bc444aba3730540185af72a.jpg,1
data/0/a778e4e8fdd243d78348726c8a1990b8.jpg,0
data/0/ab77e5b78c634a8a8fc71452702aa7bb.jpg,0
data/0/5f557879ada54798be8c338d3bc95233.jpg,0
data/0/d9dbf7a47e5149318f4f3ccb4dbeda1f.jpg,0
data/0/8ebd7709598840c3bc0d5e3d3638f95e.jpg,0
data/0/9ba92e75594e45938a927851f754715e.jpg,0
data/0/03e8b43a4aac4628a240dd5af29b41a9.jpg,0
data/0/9118463d179641e383807a4d7d68ed0b.png,0
data/0/2c5f27ca905142bfa409ea590bc2f0f3.png,0
data/0/2844f8c192ef4e818191676fca764d44.jpg,0
data/0/5d30fc1a1a9c490e88a81f695a34b67f.jpg,0
data/1/459983cec2cc4e02ba08116a2fad0906.jpg,1
data/0/e2a16ff1572c43969be10df0b93e58a5.jpg,0
data/0/08ed44d691ae4d13910cb0ab892f0bfd.jpg,0
data/0/a3d8f8d9cb694fcd94dc4095ea0a0b46.jpg,0
data/0/053142cad0704c9ebd79d9699857b8a8.jpg,0
data/1/fac0802b908046f5a2cf8d5f0c051e39.jpg,1
data/0/8bac4da51f094d938114ab33c7535cbf.jpg,0
data/0/9a252fed941b494aae00b1eeb4846132.jpg,0
data/0/70232c839af84a62908561ba9762af38.jpg,0
data/0/2b0fad98433d408a89aeb998b4b0666e.jpg,0
data/0/852e1d0d64ee4ea9816e1e2b00a05684.jpg,0
data/0/bee6bd37923746b29924add1ed055ae8.jpg,0
data/0/21b6ab9c43564e409dd03273aac7f8b3.jpg,0
data/1/665b6e94ec31421b8496a86e52ab7459.jpg,1
data/0/2950492ec6734c0fa2eb479c368c0ea8.jpg,0
data/0/103e171f89df4e3b91db06233b5ce9c9.jpg,0
data/0/2ef59ef514ef4794a7aa8097d6b446b2.jpg,0
data/0/34fde349d1ab431b9c905d36fc34c0ea.jpg,0
data/0/0b2589f1583343bdaa1bfa4fed0f547f.jpg,0
data/1/14873be1c32a4b5aa08ddca2bb5cd10b.jpg,1
data/0/9920c015a9d34f019ecd15731baefe50.jpg,0
data/0/6c312587471c47dd8d2db56000e9357b.jpg,0
data/0/26c357775db544a0953d616610811ad0.jpg,0
data/0/76d3d27c2c1b41f2ba1610a9de51a8fd.png,0
data/0/27cb7b24272e4f4d9efe13b7c03c3a18.jpg,0
data/0/a9400f20cf1a47ea91eac4b55732c687.jpg,0
data/0/f5603956f2124ff99a7eb272e422532e.jpg,0
data/0/6d86f543d8b544ae9de14c82d2667ec5.jpg,0
data/0/3a03d074ab30455996651fdc8f92c5e6.jpg,0
data/0/f99c948c2b084e12a6ac4fb026cd0e2c.jpg,0
data/0/7b6d7b5d690b4e14afe49423887f9874.jpg,0
data/1/37a6e6e12f69425ca8f18ce4a6bbfb95.jpg,1
data/0/4e628aea3f2e4247afb0d351234973e8.jpg,0
data/0/46f40e23a6934897a032ef7e9f85bbbf.jpg,0
data/0/4de071121c9c446eb44595cdf83d1f6d.jpg,0
data/0/4409ddcd8f1641f6843e56a23f156855.jpg,0
data/1/ad4d3c009cf94258a71987098c44344a.jpg,1
data/0/b729b51557114d07b32e78d9a1de4311.jpg,0
data/0/c71b74c893c04aa68aa90c400bfa9097.jpg,0
data/0/bf9acd30ede04c0189cfed48e65786c4.jpg,0
data/1/79e1a54825794c5eb66ea070f9a8377d.jpg,1
data/1/fd76693c77b04bee9cf40d9ab062d7db.jpg,1
data/0/4f16df83bf7249cf82094f7e36612901.jpg,0
data/0/9e63e8ee7c824f4c8b3da13fb4eff6b4.jpg,0
data/1/5ea5441534bc49428ec380babe54984b.jpg,1
data/1/c5e893bd94614ff88817000fca85343b.jpg,1
data/0/8a2f882b622842a789c490842a3ae9e5.jpg,0
data/0/9021269f912247f18a5df63192fa42a7.jpg,0
data/0/8ed6098c03964b0c93f06670d520acc4.jpg,0
data/0/dba97ec685f24521ab0aba51ed200bba.jpg,0
data/0/a042f618a23e4a8498b1efed647450de.jpg,0
data/1/da66f75bad34427f9f84fe09d228ba0b.jpg,1
data/1/04b038df33cd46319c5dddc0c00bf45b.jpg,1
data/0/663eeb03c3ac4aefbfd734dc5ab28434.jpg,0
data/0/34ca684ef0d44cd38768960501a93a31.jpg,0
data/0/9ca69daf0ecd46d894b403073e1e5851.jpg,0
data/0/6e702cd9c02f44418e2dfa74f53f34a9.jpg,0
data/0/3abea35887aa4b74bf2bcced7508a132.jpg,0
data/0/9bbf29519e57424a90cc287352174120.jpg,0
data/0/ac515971d94a43148030fbf7e5a30db1.jpg,0
data/0/48d65ccd195745b2893feb5d62b6de34.png,0
data/0/ea5a7532a55c49a0a666d53ef2cc9ed9.png,0
data/1/4fc93da863b346798a0d25af155682fa.jpg,1
data/0/d9e8059be2a444978039896a5257d8d5.jpg,0
data/0/cdc9bc6845e44269990dd49e444ef09e.png,0
data/0/2d8153cfe2604be2bbac99a1e2281911.png,0
data/1/7310dfde489f4aa3af8aaf2808d80504.jpg,1
data/0/bfce1c55bde4445791c714b07a674121.jpg,0
data/0/c2ca6f5c577a4494aade1ee6907ad3a9.jpg,0
data/0/bfc56f7e470c4aa0bf5c7041495ef1ab.png,0
data/1/fc1b373b2d934191b711c8533a9b74a9.jpg,1
data/1/6bb1bd23316946679dac621b3cfe1a69.jpg,1
data/1/a85e48faf0b54b09a0b63567b059f77a.jpg,1
data/0/8279b818797c4ff4b6016324e6c98d33.png,0
data/0/aa05f0ca492a402aafdb360476a5303d.jpg,0
data/1/637521f1315747c398ad16e15bd4d258.jpg,1
data/0/8306031b5d804f649179be3f50c6e8ad.jpg,0
data/0/dc9516efde2142b08f3892b0e2660459.jpg,0
data/0/3f2b73fa66564ffc82db17aecfb8971d.jpg,0
data/1/eceb42167d6343e0ac6d76b85a8cdc04.jpg,1
data/0/3a7213b3218b4d488f1e74f867eeaef1.jpg,0
data/0/51c3b1dfffc44df9b2c26da957552ecc.jpg,0
data/0/e7e39255479a466784fe5aceeedeedff.jpg,0
data/0/4182249224084c7b8fe175f49085fade.jpg,0
data/1/9981343a8b454b869f4d873f333334ed.jpg,1
data/0/c24fee5871a349a0b3727b42e7e2fbe9.jpg,0
data/0/fd880cbd4b9e40db823333f19849a49a.jpg,0
data/0/f6ef8a1e4ce24bafb50de605c484bb59.jpg,0
data/0/38d54b2d6fd14e7097942cbc0aa3e441.jpg,0
data/1/aaccf438bc8c4b1cb10e5658d2a99d9f.jpg,1
data/0/abe3427d26034b348f990384e780c484.jpg,0
data/1/c12372a5cd974976b912789ce3fa256c.jpg,1
data/0/b69ad81935d94465863250af4613cc6b.jpg,0
data/0/d2edf23dcec94c0ba417ea7e2c1591e4.jpg,0
data/1/186f6b76e90d4662a827404f464bbcbd.jpg,1
data/1/72cfa8a9af8047cebd00de9bef2a98a6.jpg,1
data/0/6781bf2f45764c44a8e795c55f056bf1.jpg,0
data/1/2826ee9bfa044c0f9ec27c18e78e1382.jpg,1
data/0/8f26981bd018442f984964da78c3a0fb.jpg,0
data/0/2e32278ef4374fa38cc7c58cb1ca7526.jpg,0
data/0/c509acd28721436aa24c42432186560c.jpg,0
data/0/3eb229ecbf5b4f38b915b9d40384d619.png,0
data/0/755e389278754acfa70a3cca012500b5.jpg,0
data/0/ce114b17cc3d40d9b42650707864ae16.jpg,0
data/0/8bae06bab5e94f3b8142d134537e007a.jpg,0
data/1/ffce349d6325459cbbb6815dde59affd.jpg,1
data/0/d05788ccb2084b4494ad86f0bf039ca3.jpg,0
data/0/21be47e01599491ba6018957e33c85f4.jpg,0
data/0/12222a136964440d8f789a7c7ee37b8a.jpg,0
data/0/5c6526abd41a4c78b6beca4d87d18298.jpg,0
data/0/b9364a5425f241819529bfac7eb193de.jpg,0
data/0/cce3aef36696480b9ecefb12b81498ce.jpg,0
data/0/08355f9c3cd84f4ca07546bfc86652f9.jpg,0
data/1/c0b193cc4b8a4cfda26f640d4a8658ac.jpg,1
data/0/2aec621a9e9b43a394e9e1e998d74162.jpg,0
data/0/ea7ffef4054c4fc2be931dad5af752ca.jpg,0
data/0/ab7bcdbf8e5148979b8e8e5d239032be.jpg,0
data/0/a3a86ef33776418f9d6a2bd70fa067a5.jpg,0
data/0/2ab73e86e69a44f09633a5f312f295a1.jpg,0
data/1/3a668ba040c846c6b138dbe7980ba778.jpg,1
data/0/ba8bb3cddc344cbfbb98e43a9fc96791.jpg,0
data/1/9c5c02a2a70441a19a9ce03b04347345.jpg,1
data/0/4f0e3e4171a648a68b5d8ea2b3892c47.jpg,0
data/0/9d90163419304172949408c315af8bc7.jpg,0
data/0/a06dfe299f414b7ca4e5062d9ed06de8.jpg,0
data/0/2e8f7f054d8e409793fc953a8bca971a.jpg,0
data/0/80143397885c43ea922824fe4cfb8e87.jpg,0
data/0/4b166228afd14e618640569206b236a6.jpg,0
data/0/76b56ea3b0904dca8bcca9b387139fe9.jpg,0
data/0/8522469d2e08439a9965afa62d191a37.jpg,0
data/0/06624832decd4d9ea7f910cb7a7d6588.jpg,0
data/0/6394244ca7cc4db4b8b9329281af11fc.jpg,0
data/0/5ac93b38863d45209bcb1249e498052e.jpg,0
data/0/15b57a2347f545d7be77f42b65b38648.jpg,0
data/0/a0678b62414d41f08a53590d128d4798.jpg,0
data/0/091e491dedce4f88bc116cce5ea7ef24.jpg,0
data/0/cf2e0cb379d54479a344cf0b6f9606ec.jpg,0
data/0/38d7522e5cce4be3832ff05e1e552ba4.jpg,0
data/1/95f7f41334f14de1b5f46b992d52cf79.jpg,1
data/0/6fa3aabed5bd41149587798e16524e87.jpg,0
data/0/ca88ed51597743689d49ee5fb48bb525.jpg,0
data/1/9a926a8cf1324e48b25afeda59d7e89c.jpg,1
data/0/3c925bbf973d4edbaf4c6f3aa0142d76.jpg,0
data/1/0ecbd205997044eda3b648c48d54666b.jpg,1
data/0/3fa1bc0a97654113963be1bde63a36ba.jpg,0
data/0/1d4b5c417ed14b01a94458228e8b0d3b.jpg,0
data/0/760125be5d0f401db322d32a914903f0.jpg,0
data/0/2098bf2e22c2440ba645586cfc6a7211.jpg,0
data/0/9c1fb56fd09945959d6bffec2c7264b6.jpg,0
data/0/e340ff4042f94048a4dfb61d347a59d0.jpg,0
data/0/aaa80264349a48e0bca70478107ae239.jpg,0
data/0/249f60297162459c95d1566cc909f2af.jpg,0
data/1/f136390cbbe240d49d7672796da00bb1.jpg,1
data/1/1048081d85e642e1882aae0aca7bd667.jpg,1
data/0/65e57ee189c5421592bf227d1a15a21c.jpg,0
data/0/aaca5be9c44a41b3875406c9b94832e2.jpg,0
data/0/538921d1c9274aeea4bb8c5f95dad5ab.jpg,0
data/0/d05da8ce4e15499f8cc464c222fb5a74.jpg,0
data/0/d28ac93f5cc04cf3815b9e57f9f651cd.jpg,0
data/0/10da00e3c6d8407da8bb83ebe81afa30.jpg,0
data/0/9382b338eea3454999d23da720f21170.jpg,0
data/0/aa1258bd38484282bea12c1fafecfae3.jpg,0
data/1/e1d20c82015144a18008097aca4ba4a7.jpg,1
data/0/5e87308e42a54742bc10deca0f4fae78.jpg,0
data/1/9069b7eed098421880bc5de753802c14.jpg,1
data/1/4695b5fd93b74c4eb6954e90ed26159a.jpg,1
data/0/3fd8bbcadb7445c6bc3ec5c6881aaea5.jpg,0
data/0/44cf81e708144ddda1ee3d506579a74a.jpg,0
data/0/d7c54e41e6fb4d22b7cc56e7de0d1cdf.png,0
data/1/218699821d434c18b1846a7ea88dd201.jpg,1
data/0/f70ca0badd2541d09f24b3f1d1d985a3.png,0
data/0/66cde70796054e0590e4865016f12eb6.jpg,0
data/0/2447c1e976424de4b78f1cade2e5589f.jpg,0
data/0/8c1500e325da48148264bef983b3eced.jpg,0
data/0/ef4deabeee654269940fe7dfa63b4693.jpg,0
data/1/5094ccd76ec34fae85150e10abcf1830.jpg,1
data/1/6d59f85ef0d44804a181e219bdb81fbc.jpg,1
data/0/dc17c43e42e343de8a2308539e772041.png,0
data/0/d57a0590d35f4d27b274460d38f0c91b.jpg,0
data/0/ff911c7bea104f678d37a2b6b0901f3e.jpg,0
data/0/0ff57252ea5c481f86113ef8eea4228c.jpg,0
data/0/2eb69a9253a94afcb5f1a37113035ab9.jpg,0
data/1/7c55897084fe40f2b5b69d31d8d0d1f6.jpg,1
data/0/0d620e6cf2b0417fbf4edd0dee0ec549.jpg,0
data/0/1b86dadb0ca44ca99cffe91d20e5eebb.jpg,0
data/0/5eab9188770b4d1a85d03ab1ea1b1201.jpg,0
data/1/09f23c7af17f498d81b9d2030d0de389.jpg,1
data/0/f962f983397a4954ae4d827fdb33e2b0.jpg,0
data/0/ca1024e1f2b4451a8211fe8697b15d03.jpg,0
data/1/1762b240472b46419af3829cdb880e2b.jpg,1
data/0/70396919c4e8424e81ecd53dc74dca46.jpg,0
data/0/4e92512200e74d82b2c2b13916537df7.png,0
data/1/3a0e99cb963640cebcb43351e84bb8fe.jpg,1
data/1/a5995bf728ef41258872dc35e10f23b2.jpg,1
data/0/3397c7864a7646b284f02994e4eb8f0b.jpg,0
data/0/6d9cca72016f467082286dc4dcaa8fa8.jpg,0
data/0/bb8a8f62d4824b089b5cc1d6fc479694.jpg,0
data/0/7fdc3df597a04ddca62af9f1e4f26e86.jpg,0
data/0/be6024f9f61e41728ec96e2683990fc9.jpg,0
data/0/7b2938cb72a04104b15cd474085e2439.jpg,0
data/1/fde3fea887e34aa487ca19abc9821f63.jpg,1
data/0/809108ba58c041f7941ba9caf370b81c.jpg,0
data/0/49186889020e403eb0d1612c257a8f88.jpg,0
data/0/32c715887efc46ffa58a3f850402ba9a.jpg,0
data/0/55ce0d7922d9425a8bc1f45e9c1d23e9.jpg,0
data/1/afca896f997944f29de79692b049d083.jpg,1
data/0/289f9c89ad104dc7b9f28b52b8e22d68.jpg,0
data/1/bbf64d5982504afeacc98c62b9edac1c.jpg,1
data/0/a394af3681bd49349f25b4884ba3f791.jpg,0
data/0/66f7718ddcd34b688d03fe3f1bd1474c.jpg,0
data/0/ac3dd155635f4e09aeb9611480c1cace.jpg,0
data/1/a26f58582c8a42f29d3faf1fb5104dfe.jpg,1
data/0/b4089e99225647499646afd1ac77d132.jpg,0
data/0/a1289c9b4ac542df9461758c0addc32e.jpg,0
data/0/29450180e7db4becb279a1905eeaddf5.jpg,0
data/0/a09f899924f94d60835645b9cfbc5369.jpg,0
data/0/c08af85a286946cea8117d6cd8dbc5b9.png,0
data/0/2726862497a445268012995cd9cd56a0.jpg,0
data/1/12e0af8cce1a4727bf6fa222fc41c24b.jpg,1
data/1/4126ba140f0d42dab5d50eb66680569e.jpg,1
data/0/9fedb57559c14655bf286acd20968b1a.jpg,0
data/0/c6b686f77889488dbff796e0aa4931e7.jpg,0
data/1/b199500ef4674887a5dba2c89fd3ada7.jpg,1
data/0/73604a7841434151bbe633889d99efd1.jpg,0
data/0/91d43e764c4e4bdd88841f798e65f80c.jpg,0
data/0/f77230540fd44a548a45229a593ca757.jpg,0
data/0/69abb0dfaf85458ebcdc7710ca259bb9.jpg,0
data/0/beb64a891d0142a898d18599f518bc7e.jpg,0
data/0/f8a62054ae9944fea7ab5dc09d1dec96.jpg,0
data/0/8ae154531df4483f942f4fc448031edb.jpg,0
data/0/a69c6277bc2c4306a95a84f1862ea099.jpg,0
data/0/ce640c3f0e4b4426b90fe971945d8441.png,0
data/0/81e92cdf44dc41ff9a7a09df4bb7dcda.jpg,0
data/0/30ff90438f2f4bf5a4fef343aa04021f.jpg,0
data/0/3ea0a49167ea42c6b74dd9135196d249.jpg,0
data/0/8406e44dea644ae08addf7952a4579f4.jpg,0
data/0/4e2281ca86ce48ac85d4aa3adb886608.jpg,0
data/0/080e59e6d87446898958fab60a487716.png,0
data/0/620090acc3a54b44b483aea7325f7f6f.jpg,0
data/0/462ab4744c6842ecb7dc9e08260f0b0f.jpg,0
data/1/b7cccd11bb0e4e05b96929a5cd596c52.jpg,1
data/0/ee8433d3e0e84d8a950ef68ff417b49b.jpg,0
data/0/aa535ec8cf2c464cb46ea8153cb73455.jpg,0
data/1/7ec2943e2c3d4262a1aa2b0ee9035af4.jpg,1
data/0/60fc21b25b184baa8d8334cd90a06a11.jpg,0
data/0/8aec82cd963a4629ad9fa09966ce15bc.jpg,0
data/0/a271879b10ba4d42846efb87251f9082.jpg,0
data/1/871b0d93a07d495ea72783fd92a004fa.jpg,1
